variable,n,missing,mean,sd,min,median,max
visit,64000,0,0.1467812500000001,0.3538904795263766,0,0,1
conversion,64000,0,0.009031250000000155,0.0946035219453727,0,0,1
spend,64000,0,1.0509082812499804,15.036448116098475,0,0,499
recency,64000,0,5.763734374999994,3.507591612050473,1,6,12
history,64000,0,242.08565578125,256.1586082922526,29.99,158.11,3345.93
mens,64000,0,0.5510312500000019,0.4973928800691331,0,1,1
womens,64000,0,0.5497187500000025,0.4975257918787535,0,1,1
newbie,64000,0,0.5022499999999998,0.49999884373072206,0,1,1
