comparison,outcome,estimate,se,ci_low,ci_high,n_treatment,n_comparison,mean_treatment,mean_comparison
Mens E-Mail minus No E-Mail,spend,0.7698271558945364,0.14524656024868676,0.48514389780711037,1.0545104139819625,21307,21306,1.4226165110057727,0.6527893551112363
Womens E-Mail minus No E-Mail,spend,0.4244122159365966,0.13033285852919116,0.16895981321938197,0.6798646186538113,21387,21306,1.0772015710478329,0.6527893551112363
Mens E-Mail minus Womens E-Mail,spend,0.3454149399579398,0.1596174148416542,0.0325648068682976,0.6582650730475821,21307,21387,1.4226165110057727,1.0772015710478329
