variable,n,missing,mean,sd,min,median,max
visit,64000,0,0.14678125,0.3538904795265827,0,0,1
conversion,64000,0,0.00903125,0.09460352194540352,0,0,1
spend,64000,0,1.05090828125,15.036448116095245,0,0,499
recency,64000,0,5.763734375,3.507591612050416,1,6,12
history,64000,0,242.08565578125,256.15860829226364,29.99,158.11,3345.93
mens,64000,0,0.55103125,0.49739288006905863,0,1,1
womens,64000,0,0.54971875,0.49752579187876,0,1,1
newbie,64000,0,0.50225,0.4999988437305964,0,1,1
