recency_bin,mens_lift,mens_ci_low,mens_ci_high,mens_profit,womens_lift,womens_ci_low,womens_ci_high,womens_profit,mens_minus_womens,mens_minus_womens_ci_low,mens_minus_womens_ci_high,recommended_action,recommendation_strength,reason
Warm,1.047598062490879,0.4641501936955673,1.6310459312861907,1.037598062490879,0.35859999560352795,-0.11543762884394754,0.8326376200510035,0.34859999560352795,0.688998066887351,0.07281168129594617,1.305184452478756,Mens E-Mail,Clear winner,Both profitable; Mens significantly above Womens (direct CI excludes 0).
Cooling,0.48838743501902093,0.008860124253864066,0.9679147457841778,0.4783874350190209,0.6654827359516333,0.10983381600974118,1.2211316558935255,0.6554827359516333,-0.1770953009326124,-0.7968700836971995,0.4426794818319747,Either email,"Either email, no clear winner",Both profitable; direct difference CI includes 0.
Dormant,0.605086457288497,0.06419245269317742,1.1459804618838165,0.595086457288497,0.2994894089500184,-0.24847915001235454,0.8474579679123914,0.2894894089500184,0.30559704833847856,-0.2805100087547534,0.8917041054317105,Either email,"Either email, no clear winner",Both profitable; direct difference CI includes 0.
Very dormant,0.7720818074828677,0.20944939377748772,1.3347142211882477,0.7620818074828677,0.4100061268073292,-0.021799236140175426,0.8418114897548338,0.40000612680732917,0.3620756806755385,-0.2409427541495437,0.9650941155006207,Either email,"Either email, no clear winner",Both profitable; direct difference CI includes 0.
